ID,Pred
2018_1104_1112,0.16819853
2018_1104_1113,0.46600696
2018_1104_1116,0.24786317
2018_1104_1120,0.22698012
2018_1104_1124,0.5397259
2018_1104_1125,0.38126874
2018_1104_1137,0.32195416
2018_1104_1138,0.30844432
2018_1104_1139,0.49469906
2018_1104_1149,0.7682086
2018_1104_1153,0.049634684
2018_1104_1155,0.25722158
2018_1104_1166,0.50117236
2018_1104_1181,0.16106032
2018_1104_1190,0.31324497
2018_1104_1195,0.47391698
2018_1104_1196,0.3904703
2018_1104_1199,0.38595697
2018_1104_1211,0.063125186
2018_1104_1217,0.64610195
2018_1104_1222,0.30570278
2018_1104_1242,0.16009726
2018_1104_1243,0.43390927
2018_1104_1246,0.17042188
2018_1104_1257,0.40233347
2018_1104_1260,0.15391798
2018_1104_1274,0.4355112
2018_1104_1276,0.19395767
2018_1104_1277,0.060417686
2018_1104_1281,0.5169371
2018_1104_1285,0.3774126
2018_1104_1292,0.40696624
2018_1104_1301,0.35688347
2018_1104_1305,0.17219715
2018_1104_1308,0.25598153
2018_1104_1311,0.6417942
2018_1104_1314,0.25378957
2018_1104_1326,0.28568456
2018_1104_1328,0.49052894
2018_1104_1344,0.44546762
2018_1104_1345,0.0941403
2018_1104_1348,0.28658476
2018_1104_1351,0.39236397
2018_1104_1355,0.37062296
2018_1104_1364,0.33631223
2018_1104_1366,0.7859294
2018_1104_1371,0.44804266
2018_1104_1380,0.78051096
2018_1104_1382,0.27500919
2018_1104_1388,0.082125925
2018_1104_1393,0.4013276
2018_1104_1395,0.32155725
2018_1104_1397,0.32791042
2018_1104_1400,0.44565576
2018_1104_1401,0.38799804
2018_1104_1403,0.3115016
2018_1104_1418,0.20345983
2018_1104_1436,0.18083477
2018_1104_1437,0.07254741
2018_1104_1438,0.049715813
2018_1104_1439,0.5119104
2018_1104_1447,0.47322837
2018_1104_1452,0.23584132
2018_1104_1455,0.24620858
2018_1104_1457,0.6239358
2018_1104_1460,0.44278777
2018_1104_1462,0.1191368
2018_1112_1113,0.8278945
2018_1112_1116,0.75873977
2018_1112_1120,0.66721994
2018_1112_1124,0.8177482
2018_1112_1125,0.67031074
2018_1112_1137,0.6552364
2018_1112_1138,0.48820165
2018_1112_1139,0.7936561
2018_1112_1149,0.956582
2018_1112_1153,0.3012989
2018_1112_1155,0.7284919
2018_1112_1166,0.70723325
2018_1112_1181,0.35360554
2018_1112_1190,0.77885276
2018_1112_1195,0.8210261
2018_1112_1196,0.72589856
2018_1112_1199,0.7588782
2018_1112_1211,0.35524297
2018_1112_1217,0.85309
2018_1112_1222,0.6116917
2018_1112_1242,0.5008288
2018_1112_1243,0.75048006
2018_1112_1246,0.7186855
2018_1112_1257,0.73860574
2018_1112_1260,0.53231007
2018_1112_1274,0.74220985
2018_1112_1276,0.58439904
2018_1112_1277,0.3055969
2018_1112_1281,0.7932078
2018_1112_1285,0.796218
2018_1112_1292,0.8167859
2018_1112_1301,0.6745977
2018_1112_1305,0.48814535
2018_1112_1308,0.5100601
2018_1112_1311,0.89278793
2018_1112_1314,0.54704434
2018_1112_1326,0.6913051
2018_1112_1328,0.8664888
2018_1112_1344,0.73355657
2018_1112_1345,0.42773783
2018_1112_1348,0.54646
2018_1112_1351,0.823994
2018_1112_1355,0.5937686
2018_1112_1364,0.7170133
2018_1112_1366,0.9687459
2018_1112_1371,0.7506087
2018_1112_1380,0.96929985
2018_1112_1382,0.6453732
2018_1112_1388,0.46104857
2018_1112_1393,0.764373
2018_1112_1395,0.6918052
2018_1112_1397,0.64746046
2018_1112_1400,0.80613405
2018_1112_1401,0.77334243
2018_1112_1403,0.68588656
2018_1112_1418,0.5058232
2018_1112_1436,0.56485796
2018_1112_1437,0.3294982
2018_1112_1438,0.31501633
2018_1112_1439,0.72732973
2018_1112_1447,0.8798552
2018_1112_1452,0.75228345
2018_1112_1455,0.52899814
2018_1112_1457,0.8642084
2018_1112_1460,0.79984814
2018_1112_1462,0.4737331
2018_1113_1116,0.36966676
2018_1113_1120,0.30823687
2018_1113_1124,0.63072395
2018_1113_1125,0.39708123
2018_1113_1137,0.35774592
2018_1113_1138,0.35778552
2018_1113_1139,0.59993815
2018_1113_1149,0.7807192
2018_1113_1153,0.12251035
2018_1113_1155,0.39179233
2018_1113_1166,0.6186696
2018_1113_1181,0.37713274
2018_1113_1190,0.3587657
2018_1113_1195,0.5806494
2018_1113_1196,0.55003726
2018_1113_1199,0.53930604
2018_1113_1211,0.120860524
2018_1113_1217,0.6485684
2018_1113_1222,0.29672197
2018_1113_1242,0.2738725
2018_1113_1243,0.5115561
2018_1113_1246,0.3337323
2018_1113_1257,0.5435319
2018_1113_1260,0.21217078
2018_1113_1274,0.4800326
2018_1113_1276,0.27015984
2018_1113_1277,0.11143832
2018_1113_1281,0.5858149
2018_1113_1285,0.45974246
2018_1113_1292,0.47086632
2018_1113_1301,0.49267882
2018_1113_1305,0.25183457
2018_1113_1308,0.3281045
2018_1113_1311,0.6545665
2018_1113_1314,0.2968925
2018_1113_1326,0.3822739
2018_1113_1328,0.60506546
2018_1113_1344,0.47759432
2018_1113_1345,0.18766099
2018_1113_1348,0.29050544
2018_1113_1351,0.39178482
2018_1113_1355,0.3910046
2018_1113_1364,0.46370834
2018_1113_1366,0.8378572
2018_1113_1371,0.46650895
2018_1113_1380,0.73445356
2018_1113_1382,0.35867292
2018_1113_1388,0.15649648
2018_1113_1393,0.5752898
2018_1113_1395,0.41521224
2018_1113_1397,0.3804104
2018_1113_1400,0.63758284
2018_1113_1401,0.61313295
2018_1113_1403,0.33635065
2018_1113_1418,0.22660972
2018_1113_1436,0.24559398
2018_1113_1437,0.14661588
2018_1113_1438,0.098890826
2018_1113_1439,0.61214685
2018_1113_1447,0.4160397
2018_1113_1452,0.36490434
2018_1113_1455,0.26401436
2018_1113_1457,0.71556777
2018_1113_1460,0.425481
2018_1113_1462,0.24398522
2018_1116_1120,0.4092158
2018_1116_1124,0.6116044
2018_1116_1125,0.49745467
2018_1116_1137,0.43313465
2018_1116_1138,0.4515944
2018_1116_1139,0.5786851
2018_1116_1149,0.7993078
2018_1116_1153,0.12183341
2018_1116_1155,0.51322097
2018_1116_1166,0.57469505
2018_1116_1181,0.34792262
2018_1116_1190,0.46424377
2018_1116_1195,0.6582123
2018_1116_1196,0.46754155
2018_1116_1199,0.59504586
2018_1116_1211,0.1301249
2018_1116_1217,0.7463701
2018_1116_1222,0.35092083
2018_1116_1242,0.24604335
2018_1116_1243,0.5123267
2018_1116_1246,0.39549026
2018_1116_1257,0.5123326
2018_1116_1260,0.2667796
2018_1116_1274,0.4417954
2018_1116_1276,0.2617796
2018_1116_1277,0.120079115
2018_1116_1281,0.6552229
2018_1116_1285,0.5747617
2018_1116_1292,0.57951653
2018_1116_1301,0.55118304
2018_1116_1305,0.22638726
2018_1116_1308,0.4026807
2018_1116_1311,0.72414094
2018_1116_1314,0.3101673
2018_1116_1326,0.48189604
2018_1116_1328,0.70633596
2018_1116_1344,0.594249
2018_1116_1345,0.1437903
2018_1116_1348,0.28190598
2018_1116_1351,0.51010394
2018_1116_1355,0.44154343
2018_1116_1364,0.45283276
2018_1116_1366,0.9120224
2018_1116_1371,0.61597615
2018_1116_1380,0.89129525
2018_1116_1382,0.40884775
2018_1116_1388,0.14193039
2018_1116_1393,0.5161381
2018_1116_1395,0.44743863
2018_1116_1397,0.42259777
2018_1116_1400,0.5843308
2018_1116_1401,0.62782234
2018_1116_1403,0.43238193
2018_1116_1418,0.31714094
2018_1116_1436,0.3181516
2018_1116_1437,0.098816104
2018_1116_1438,0.08911996
2018_1116_1439,0.621229
2018_1116_1447,0.5900676
2018_1116_1452,0.41081947
2018_1116_1455,0.28765407
2018_1116_1457,0.7198835
2018_1116_1460,0.53423214
2018_1116_1462,0.22374481
2018_1120_1124,0.74417734
2018_1120_1125,0.5750773
2018_1120_1137,0.4879811
2018_1120_1138,0.4847233
2018_1120_1139,0.6855708
2018_1120_1149,0.9035464
2018_1120_1153,0.189344
2018_1120_1155,0.57421356
2018_1120_1166,0.6417786
2018_1120_1181,0.3082513
2018_1120_1190,0.6243019
2018_1120_1195,0.6583734
2018_1120_1196,0.50608677
2018_1120_1199,0.6406184
2018_1120_1211,0.18698592
2018_1120_1217,0.799851
2018_1120_1222,0.43490988
2018_1120_1242,0.2803445
2018_1120_1243,0.6983273
2018_1120_1246,0.4660107
2018_1120_1257,0.559918
2018_1120_1260,0.36183938
2018_1120_1274,0.60241634
2018_1120_1276,0.3475914
2018_1120_1277,0.17342557
2018_1120_1281,0.6654332
2018_1120_1285,0.6566421
2018_1120_1292,0.6783549
2018_1120_1301,0.62524134
2018_1120_1305,0.2496591
2018_1120_1308,0.44690546
2018_1120_1311,0.77388245
2018_1120_1314,0.3863786
2018_1120_1326,0.489774
2018_1120_1328,0.6669143
2018_1120_1344,0.6612115
2018_1120_1345,0.20965134
2018_1120_1348,0.435824
2018_1120_1351,0.58405185
2018_1120_1355,0.47573972
2018_1120_1364,0.54319894
2018_1120_1366,0.9375883
2018_1120_1371,0.70553213
2018_1120_1380,0.9145581
2018_1120_1382,0.41345796
2018_1120_1388,0.19177681
2018_1120_1393,0.5194161
2018_1120_1395,0.50254947
2018_1120_1397,0.5048246
2018_1120_1400,0.63125694
2018_1120_1401,0.6085305
2018_1120_1403,0.5364363
2018_1120_1418,0.42039108
2018_1120_1436,0.3959865
2018_1120_1437,0.12542999
2018_1120_1438,0.11688596
2018_1120_1439,0.6414508
2018_1120_1447,0.6705177
2018_1120_1452,0.6320724
2018_1120_1455,0.32792655
2018_1120_1457,0.7435452
2018_1120_1460,0.6384761
2018_1120_1462,0.26022324
2018_1124_1125,0.31766477
2018_1124_1137,0.20815755
2018_1124_1138,0.17074832
2018_1124_1139,0.45592532
2018_1124_1149,0.7338647
2018_1124_1153,0.066061825
2018_1124_1155,0.2139596
2018_1124_1166,0.2821354
2018_1124_1181,0.15180683
2018_1124_1190,0.33905202
2018_1124_1195,0.40043783
2018_1124_1196,0.3196842
2018_1124_1199,0.42957205
2018_1124_1211,0.062366977
2018_1124_1217,0.6298767
2018_1124_1222,0.21336633
2018_1124_1242,0.12545075
2018_1124_1243,0.34091052
2018_1124_1246,0.22703134
2018_1124_1257,0.46362746
2018_1124_1260,0.13427703
2018_1124_1274,0.30487582
2018_1124_1276,0.14588636
2018_1124_1277,0.07255717
2018_1124_1281,0.45767692
2018_1124_1285,0.30728114
2018_1124_1292,0.361156
2018_1124_1301,0.26642227
2018_1124_1305,0.113095745
2018_1124_1308,0.15907943
2018_1124_1311,0.5769857
2018_1124_1314,0.16496202
2018_1124_1326,0.30131927
2018_1124_1328,0.5877451
2018_1124_1344,0.36371955
2018_1124_1345,0.08902024
2018_1124_1348,0.15191983
2018_1124_1351,0.25216475
2018_1124_1355,0.28327358
2018_1124_1364,0.29911685
2018_1124_1366,0.793632
2018_1124_1371,0.34230843
2018_1124_1380,0.7450942
2018_1124_1382,0.19079307
2018_1124_1388,0.08488478
2018_1124_1393,0.5067329
2018_1124_1395,0.30085465
2018_1124_1397,0.22363825
2018_1124_1400,0.43970072
2018_1124_1401,0.45270768
2018_1124_1403,0.34098142
2018_1124_1418,0.14462125
2018_1124_1436,0.14707418
2018_1124_1437,0.06039707
2018_1124_1438,0.047338445
2018_1124_1439,0.39861763
2018_1124_1447,0.38680592
2018_1124_1452,0.22295067
2018_1124_1455,0.18958806
2018_1124_1457,0.7047775
2018_1124_1460,0.35347167
2018_1124_1462,0.106029905
2018_1125_1137,0.41396433
2018_1125_1138,0.29052824
2018_1125_1139,0.5690022
2018_1125_1149,0.84127384
2018_1125_1153,0.1175521
2018_1125_1155,0.41490266
2018_1125_1166,0.5489627
2018_1125_1181,0.2878622
2018_1125_1190,0.5332602
2018_1125_1195,0.64515275
2018_1125_1196,0.42508435
2018_1125_1199,0.4655956
2018_1125_1211,0.16124968
2018_1125_1217,0.7263639
2018_1125_1222,0.3399639
2018_1125_1242,0.19732481
2018_1125_1243,0.569587
2018_1125_1246,0.43392992
2018_1125_1257,0.47397476
2018_1125_1260,0.33792952
2018_1125_1274,0.49646544
2018_1125_1276,0.29850188
2018_1125_1277,0.11269483
2018_1125_1281,0.62568694
2018_1125_1285,0.65930927
2018_1125_1292,0.6214092
2018_1125_1301,0.44743603
2018_1125_1305,0.18698955
2018_1125_1308,0.38431022
2018_1125_1311,0.7775223
2018_1125_1314,0.31424645
2018_1125_1326,0.51305413
2018_1125_1328,0.71938235
2018_1125_1344,0.48246348
2018_1125_1345,0.18435267
2018_1125_1348,0.35105562
2018_1125_1351,0.5258839
2018_1125_1355,0.43174532
2018_1125_1364,0.47207624
2018_1125_1366,0.8980056
2018_1125_1371,0.50906605
2018_1125_1380,0.9003645
2018_1125_1382,0.4404368
2018_1125_1388,0.17878902
2018_1125_1393,0.5200117
2018_1125_1395,0.43345958
2018_1125_1397,0.4409168
2018_1125_1400,0.6316385
2018_1125_1401,0.44183376
2018_1125_1403,0.43066525
2018_1125_1418,0.30794716
2018_1125_1436,0.30937004
2018_1125_1437,0.15253921
2018_1125_1438,0.13599367
2018_1125_1439,0.5099073
2018_1125_1447,0.6731135
2018_1125_1452,0.51860523
2018_1125_1455,0.28367162
2018_1125_1457,0.6432114
2018_1125_1460,0.49664992
2018_1125_1462,0.23396955
2018_1137_1138,0.558861
2018_1137_1139,0.63710225
2018_1137_1149,0.7981457
2018_1137_1153,0.17734106
2018_1137_1155,0.5919603
2018_1137_1166,0.6011156
2018_1137_1181,0.32915634
2018_1137_1190,0.60137314
2018_1137_1195,0.60640883
2018_1137_1196,0.5095101
2018_1137_1199,0.59928644
2018_1137_1211,0.18150319
2018_1137_1217,0.687593
2018_1137_1222,0.4651369
2018_1137_1242,0.24013825
2018_1137_1243,0.6552757
2018_1137_1246,0.474321
2018_1137_1257,0.54878193
2018_1137_1260,0.36077914
2018_1137_1274,0.5790525
2018_1137_1276,0.34675902
2018_1137_1277,0.16825813
2018_1137_1281,0.6328309
2018_1137_1285,0.64367664
2018_1137_1292,0.68527234
2018_1137_1301,0.5691644
2018_1137_1305,0.30574998
2018_1137_1308,0.48708993
2018_1137_1311,0.6699289
2018_1137_1314,0.41350144
2018_1137_1326,0.46566206
2018_1137_1328,0.63005304
2018_1137_1344,0.61577743
2018_1137_1345,0.22140351
2018_1137_1348,0.54314137
2018_1137_1351,0.61519986
2018_1137_1355,0.509312
2018_1137_1364,0.5087413
2018_1137_1366,0.88898546
2018_1137_1371,0.6357609
2018_1137_1380,0.83249825
2018_1137_1382,0.5060015
2018_1137_1388,0.20621966
2018_1137_1393,0.49544734
2018_1137_1395,0.43465957
2018_1137_1397,0.5122457
2018_1137_1400,0.602806
2018_1137_1401,0.5650115
2018_1137_1403,0.5123339
2018_1137_1418,0.48421732
2018_1137_1436,0.36462265
2018_1137_1437,0.13571523
2018_1137_1438,0.1347663
2018_1137_1439,0.6066117
2018_1137_1447,0.68924975
2018_1137_1452,0.64888215
2018_1137_1455,0.38708982
2018_1137_1457,0.62052214
2018_1137_1460,0.64580333
2018_1137_1462,0.253262
2018_1138_1139,0.6592338
2018_1138_1149,0.8330696
2018_1138_1153,0.22465132
2018_1138_1155,0.5798117
2018_1138_1166,0.61285156
2018_1138_1181,0.32638544
2018_1138_1190,0.6435273
2018_1138_1195,0.65853745
2018_1138_1196,0.52816355
2018_1138_1199,0.5952987
2018_1138_1211,0.24390417
2018_1138_1217,0.72329533
2018_1138_1222,0.5236367
2018_1138_1242,0.27689877
2018_1138_1243,0.6496058
2018_1138_1246,0.46353236
2018_1138_1257,0.5330643
2018_1138_1260,0.37904257
2018_1138_1274,0.54265183
2018_1138_1276,0.3958612
2018_1138_1277,0.23577324
2018_1138_1281,0.6406028
2018_1138_1285,0.5750588
2018_1138_1292,0.66194063
2018_1138_1301,0.57078063
2018_1138_1305,0.3170426
2018_1138_1308,0.484536
2018_1138_1311,0.7068876
2018_1138_1314,0.41233152
2018_1138_1326,0.51598734
2018_1138_1328,0.651014
2018_1138_1344,0.6561972
2018_1138_1345,0.27681464
2018_1138_1348,0.47964492
2018_1138_1351,0.5192074
2018_1138_1355,0.4718774
2018_1138_1364,0.552326
2018_1138_1366,0.9047064
2018_1138_1371,0.65124583
2018_1138_1380,0.85749716
2018_1138_1382,0.4943863
2018_1138_1388,0.25909528
2018_1138_1393,0.57616514
2018_1138_1395,0.44959798
2018_1138_1397,0.46818385
2018_1138_1400,0.5745683
2018_1138_1401,0.56735635
2018_1138_1403,0.49427092
2018_1138_1418,0.44380727
2018_1138_1436,0.44658956
2018_1138_1437,0.17055431
2018_1138_1438,0.14680858
2018_1138_1439,0.59789217
2018_1138_1447,0.67759204
2018_1138_1452,0.6294391
2018_1138_1455,0.38501272
2018_1138_1457,0.66323465
2018_1138_1460,0.6150701
2018_1138_1462,0.31335598
2018_1139_1149,0.77503073
2018_1139_1153,0.07370953
2018_1139_1155,0.38901648
2018_1139_1166,0.48959756
2018_1139_1181,0.29855296
2018_1139_1190,0.38876948
2018_1139_1195,0.5576378
2018_1139_1196,0.41652423
2018_1139_1199,0.50915724
2018_1139_1211,0.096070156
2018_1139_1217,0.64479285
2018_1139_1222,0.32031402
2018_1139_1242,0.20257354
2018_1139_1243,0.37082392
2018_1139_1246,0.36282712
2018_1139_1257,0.4838362
2018_1139_1260,0.21021497
2018_1139_1274,0.37979746
2018_1139_1276,0.20155098
2018_1139_1277,0.094476506
2018_1139_1281,0.54612404
2018_1139_1285,0.51881325
2018_1139_1292,0.51920986
2018_1139_1301,0.41096097
2018_1139_1305,0.15765733
2018_1139_1308,0.34975797
2018_1139_1311,0.609025
2018_1139_1314,0.2643068
2018_1139_1326,0.44572777
2018_1139_1328,0.5499086
2018_1139_1344,0.4734732
2018_1139_1345,0.15868723
2018_1139_1348,0.26773718
2018_1139_1351,0.34175158
2018_1139_1355,0.35835892
2018_1139_1364,0.33315825
2018_1139_1366,0.8373886
2018_1139_1371,0.46239877
2018_1139_1380,0.7486126
2018_1139_1382,0.34349117
2018_1139_1388,0.108884856
2018_1139_1393,0.5764681
2018_1139_1395,0.40882036
2018_1139_1397,0.3858637
2018_1139_1400,0.54995865
2018_1139_1401,0.50271374
2018_1139_1403,0.34037587
2018_1139_1418,0.2749554
2018_1139_1436,0.19804157
2018_1139_1437,0.08202419
2018_1139_1438,0.07254271
2018_1139_1439,0.50167495
2018_1139_1447,0.3679302
2018_1139_1452,0.29008803
2018_1139_1455,0.2675386
2018_1139_1457,0.662198
2018_1139_1460,0.4243413
2018_1139_1462,0.17693543
2018_1149_1153,0.023482041
2018_1149_1155,0.13879226
2018_1149_1166,0.24110794
2018_1149_1181,0.051750865
2018_1149_1190,0.103461176
2018_1149_1195,0.21238643
2018_1149_1196,0.15244307
2018_1149_1199,0.2034836
2018_1149_1211,0.023278808
2018_1149_1217,0.21439414
2018_1149_1222,0.07427885
2018_1149_1242,0.034616884
2018_1149_1243,0.14683314
2018_1149_1246,0.10280717
2018_1149_1257,0.20123334
2018_1149_1260,0.024964705
2018_1149_1274,0.14714639
2018_1149_1276,0.022896519
2018_1149_1277,0.029322071
2018_1149_1281,0.18107614
2018_1149_1285,0.091155924
2018_1149_1292,0.08951
2018_1149_1301,0.16353007
2018_1149_1305,0.03343884
2018_1149_1308,0.045519892
2018_1149_1311,0.31201005
2018_1149_1314,0.059556063
2018_1149_1326,0.073675685
2018_1149_1328,0.20396306
2018_1149_1344,0.1938212
2018_1149_1345,0.028497132
2018_1149_1348,0.0494827
2018_1149_1351,0.13690394
2018_1149_1355,0.047238603
2018_1149_1364,0.1437856
2018_1149_1366,0.518268
2018_1149_1371,0.2132895
2018_1149_1380,0.43129736
2018_1149_1382,0.060442623
2018_1149_1388,0.017985106
2018_1149_1393,0.19163924
2018_1149_1395,0.14999095
2018_1149_1397,0.08973268
2018_1149_1400,0.24802528
2018_1149_1401,0.13089277
2018_1149_1403,0.061382513
2018_1149_1418,0.049788415
2018_1149_1436,0.052693084
2018_1149_1437,0.022291364
2018_1149_1438,0.017350461
2018_1149_1439,0.21394627
2018_1149_1447,0.1794343
2018_1149_1452,0.084245436
2018_1149_1455,0.042283114
2018_1149_1457,0.3500623
2018_1149_1460,0.15845932
2018_1149_1462,0.030625008
2018_1153_1155,0.8009904
2018_1153_1166,0.81193477
2018_1153_1181,0.5418664
2018_1153_1190,0.8338928
2018_1153_1195,0.87508273
2018_1153_1196,0.7411184
2018_1153_1199,0.8498197
2018_1153_1211,0.610105
2018_1153_1217,0.89943236
2018_1153_1222,0.740494
2018_1153_1242,0.6347091
2018_1153_1243,0.8069051
2018_1153_1246,0.8243053
2018_1153_1257,0.78465694
2018_1153_1260,0.64614385
2018_1153_1274,0.83723253
2018_1153_1276,0.6746657
2018_1153_1277,0.545095
2018_1153_1281,0.8619617
2018_1153_1285,0.8584249
2018_1153_1292,0.87188184
2018_1153_1301,0.7975278
2018_1153_1305,0.6767835
2018_1153_1308,0.7087668
2018_1153_1311,0.9381732
2018_1153_1314,0.77774245
2018_1153_1326,0.81423736
2018_1153_1328,0.9325457
2018_1153_1344,0.7883642
2018_1153_1345,0.5951751
2018_1153_1348,0.68890554
2018_1153_1351,0.89154005
2018_1153_1355,0.7683027
2018_1153_1364,0.83500046
2018_1153_1366,0.9728872
2018_1153_1371,0.84411484
2018_1153_1380,0.98125756
2018_1153_1382,0.76090187
2018_1153_1388,0.60239923
2018_1153_1393,0.8723703
2018_1153_1395,0.83086693
2018_1153_1397,0.7936231
2018_1153_1400,0.89722365
2018_1153_1401,0.9078808
2018_1153_1403,0.7689902
2018_1153_1418,0.75015676
2018_1153_1436,0.63872635
2018_1153_1437,0.5007545
2018_1153_1438,0.4707375
2018_1153_1439,0.82019705
2018_1153_1447,0.8977423
2018_1153_1452,0.81218153
2018_1153_1455,0.6645541
2018_1153_1457,0.9465051
2018_1153_1460,0.89634126
2018_1153_1462,0.6385045
2018_1155_1166,0.53543705
2018_1155_1181,0.36650887
2018_1155_1190,0.54681754
2018_1155_1195,0.58591276
2018_1155_1196,0.4521827
2018_1155_1199,0.47450078
2018_1155_1211,0.144745
2018_1155_1217,0.78941554
2018_1155_1222,0.3948429
2018_1155_1242,0.2697274
2018_1155_1243,0.57987463
2018_1155_1246,0.4666747
2018_1155_1257,0.48646736
2018_1155_1260,0.3195616
2018_1155_1274,0.53480345
2018_1155_1276,0.35332283
2018_1155_1277,0.11278212
2018_1155_1281,0.67522204
2018_1155_1285,0.5941984
2018_1155_1292,0.6322377
2018_1155_1301,0.50169814
2018_1155_1305,0.23560837
2018_1155_1308,0.4570756
2018_1155_1311,0.742515
2018_1155_1314,0.41883984
2018_1155_1326,0.5894391
2018_1155_1328,0.7277422
2018_1155_1344,0.5074099
2018_1155_1345,0.19146329
2018_1155_1348,0.30219343
2018_1155_1351,0.52601314
2018_1155_1355,0.53274024
2018_1155_1364,0.4496611
2018_1155_1366,0.92995316
2018_1155_1371,0.51973647
2018_1155_1380,0.9278435
2018_1155_1382,0.48741493
2018_1155_1388,0.2119189
2018_1155_1393,0.49860877
2018_1155_1395,0.45886007
2018_1155_1397,0.41328228
2018_1155_1400,0.6434262
2018_1155_1401,0.55204195
2018_1155_1403,0.5564846
2018_1155_1418,0.38936654
2018_1155_1436,0.3732828
2018_1155_1437,0.11209262
2018_1155_1438,0.110347115
2018_1155_1439,0.5930047
2018_1155_1447,0.60475916
2018_1155_1452,0.46375254
2018_1155_1455,0.36471802
2018_1155_1457,0.69982654
2018_1155_1460,0.5547027
2018_1155_1462,0.2259656
2018_1166_1181,0.3812718
2018_1166_1190,0.42275286
2018_1166_1195,0.594612
2018_1166_1196,0.5133691
2018_1166_1199,0.54563224
2018_1166_1211,0.105498634
2018_1166_1217,0.6781367
2018_1166_1222,0.2620995
2018_1166_1242,0.19788313
2018_1166_1243,0.5591879
2018_1166_1246,0.41684723
2018_1166_1257,0.53046894
2018_1166_1260,0.2403048
2018_1166_1274,0.49179164
2018_1166_1276,0.22346081
2018_1166_1277,0.097688705
2018_1166_1281,0.5821066
2018_1166_1285,0.429736
2018_1166_1292,0.55029655
2018_1166_1301,0.50419754
2018_1166_1305,0.15755635
2018_1166_1308,0.31881717
2018_1166_1311,0.643872
2018_1166_1314,0.32081625
2018_1166_1326,0.41447106
2018_1166_1328,0.6140386
2018_1166_1344,0.51278746
2018_1166_1345,0.17793424
2018_1166_1348,0.19534531
2018_1166_1351,0.38490948
2018_1166_1355,0.34075552
2018_1166_1364,0.486914
2018_1166_1366,0.8519791
2018_1166_1371,0.50166965
2018_1166_1380,0.7616529
2018_1166_1382,0.31209007
2018_1166_1388,0.13888742
2018_1166_1393,0.6227864
2018_1166_1395,0.4974823
2018_1166_1397,0.30698532
2018_1166_1400,0.5879171
2018_1166_1401,0.5965772
2018_1166_1403,0.36472467
2018_1166_1418,0.2120623
2018_1166_1436,0.22890489
2018_1166_1437,0.097152404
2018_1166_1438,0.08236423
2018_1166_1439,0.6514488
2018_1166_1447,0.43889156
2018_1166_1452,0.34534657
2018_1166_1455,0.2647738
2018_1166_1457,0.7391317
2018_1166_1460,0.51139146
2018_1166_1462,0.20022589
2018_1181_1190,0.80024636
2018_1181_1195,0.84790933
2018_1181_1196,0.65869474
2018_1181_1199,0.81781554
2018_1181_1211,0.29534838
2018_1181_1217,0.8647333
2018_1181_1222,0.56856334
2018_1181_1242,0.4208189
2018_1181_1243,0.74610776
2018_1181_1246,0.77596396
2018_1181_1257,0.7464834
2018_1181_1260,0.45497644
2018_1181_1274,0.77550036
2018_1181_1276,0.44012517
2018_1181_1277,0.32282698
2018_1181_1281,0.8092032
2018_1181_1285,0.75550073
2018_1181_1292,0.8088987
2018_1181_1301,0.6350544
2018_1181_1305,0.43115693
2018_1181_1308,0.53517574
2018_1181_1311,0.8733994
2018_1181_1314,0.60077894
2018_1181_1326,0.7081749
2018_1181_1328,0.8740099
2018_1181_1344,0.69519854
2018_1181_1345,0.38078043
2018_1181_1348,0.51255697
2018_1181_1351,0.76883996
2018_1181_1355,0.60176414
2018_1181_1364,0.7137462
2018_1181_1366,0.94684505
2018_1181_1371,0.7494127
2018_1181_1380,0.9721399
2018_1181_1382,0.5664332
2018_1181_1388,0.30128017
2018_1181_1393,0.80775535
2018_1181_1395,0.6955491
2018_1181_1397,0.6317758
2018_1181_1400,0.81899923
2018_1181_1401,0.7945789
2018_1181_1403,0.68515784
2018_1181_1418,0.60653865
2018_1181_1436,0.49815035
2018_1181_1437,0.25124422
2018_1181_1438,0.20199604
2018_1181_1439,0.70206296
2018_1181_1447,0.8089092
2018_1181_1452,0.7358394
2018_1181_1455,0.48106095
2018_1181_1457,0.901254
2018_1181_1460,0.8214718
2018_1181_1462,0.34597984
2018_1190_1195,0.67940605
2018_1190_1196,0.4481129
2018_1190_1199,0.5233254
2018_1190_1211,0.14522189
2018_1190_1217,0.7272625
2018_1190_1222,0.32673818
2018_1190_1242,0.20200936
2018_1190_1243,0.52093625
2018_1190_1246,0.31927636
2018_1190_1257,0.5429434
2018_1190_1260,0.2865586
2018_1190_1274,0.4873232
2018_1190_1276,0.2461996
2018_1190_1277,0.1160789
2018_1190_1281,0.66192716
2018_1190_1285,0.48966655
2018_1190_1292,0.47344387
2018_1190_1301,0.4878475
2018_1190_1305,0.18073504
2018_1190_1308,0.34627324
2018_1190_1311,0.7264331
2018_1190_1314,0.34467706
2018_1190_1326,0.41531447
2018_1190_1328,0.70442563
2018_1190_1344,0.4816858
2018_1190_1345,0.16279924
2018_1190_1348,0.29259315
2018_1190_1351,0.41863456
2018_1190_1355,0.342995
2018_1190_1364,0.39826038
2018_1190_1366,0.92816234
2018_1190_1371,0.5327395
2018_1190_1380,0.8569197
2018_1190_1382,0.35076907
2018_1190_1388,0.18863165
2018_1190_1393,0.5936666
2018_1190_1395,0.4463299
2018_1190_1397,0.40214175
2018_1190_1400,0.6058629
2018_1190_1401,0.60318846
2018_1190_1403,0.4436848
2018_1190_1418,0.33757252
2018_1190_1436,0.3237571
2018_1190_1437,0.09762261
2018_1190_1438,0.10060417
2018_1190_1439,0.56677043
2018_1190_1447,0.5575843
2018_1190_1452,0.44259605
2018_1190_1455,0.29365003
2018_1190_1457,0.7326584
2018_1190_1460,0.4417204
2018_1190_1462,0.19208723
2018_1195_1196,0.40186596
2018_1195_1199,0.4447658
2018_1195_1211,0.081470236
2018_1195_1217,0.6658682
2018_1195_1222,0.22806609
2018_1195_1242,0.20842658
2018_1195_1243,0.42883492
2018_1195_1246,0.24550685
2018_1195_1257,0.49417362
2018_1195_1260,0.18291214
2018_1195_1274,0.4313173
2018_1195_1276,0.20332612
2018_1195_1277,0.08093313
2018_1195_1281,0.571343
2018_1195_1285,0.36111358
2018_1195_1292,0.38760695
2018_1195_1301,0.45463988
2018_1195_1305,0.12500587
2018_1195_1308,0.2354937
2018_1195_1311,0.64101666
2018_1195_1314,0.18491605
2018_1195_1326,0.35170513
2018_1195_1328,0.60371727
2018_1195_1344,0.44043505
2018_1195_1345,0.1515838
2018_1195_1348,0.16964135
2018_1195_1351,0.4096682
2018_1195_1355,0.26507762
2018_1195_1364,0.3409463
2018_1195_1366,0.8156736
2018_1195_1371,0.43652153
2018_1195_1380,0.7083901
2018_1195_1382,0.23754977
2018_1195_1388,0.09470122
2018_1195_1393,0.54129094
2018_1195_1395,0.42319667
2018_1195_1397,0.26925018
2018_1195_1400,0.58202654
2018_1195_1401,0.53519034
2018_1195_1403,0.29273817
2018_1195_1418,0.16041097
2018_1195_1436,0.19361693
2018_1195_1437,0.06452483
2018_1195_1438,0.058389362
2018_1195_1439,0.5421586
2018_1195_1447,0.47176775
2018_1195_1452,0.28039622
2018_1195_1455,0.23792922
2018_1195_1457,0.6816542
2018_1195_1460,0.29982445
2018_1195_1462,0.1152037
2018_1196_1199,0.4978945
2018_1196_1211,0.14134984
2018_1196_1217,0.7266515
2018_1196_1222,0.37979156
2018_1196_1242,0.16597171
2018_1196_1243,0.47057202
2018_1196_1246,0.45711395
2018_1196_1257,0.49384218
2018_1196_1260,0.2324394
2018_1196_1274,0.40406612
2018_1196_1276,0.22137235
2018_1196_1277,0.111763656
2018_1196_1281,0.5521774
2018_1196_1285,0.5414637
2018_1196_1292,0.549552
2018_1196_1301,0.52161264
2018_1196_1305,0.152086
2018_1196_1308,0.35149035
2018_1196_1311,0.7661851
2018_1196_1314,0.37231657
2018_1196_1326,0.3888886
2018_1196_1328,0.6318432
2018_1196_1344,0.51446325
2018_1196_1345,0.14254466
2018_1196_1348,0.25073588
2018_1196_1351,0.41723517
2018_1196_1355,0.4135539
2018_1196_1364,0.39051014
2018_1196_1366,0.84692115
2018_1196_1371,0.5033466
2018_1196_1380,0.8026742
2018_1196_1382,0.41681218
2018_1196_1388,0.16801001
2018_1196_1393,0.54379773
2018_1196_1395,0.47455198
2018_1196_1397,0.3480972
2018_1196_1400,0.5402553
2018_1196_1401,0.5942769
2018_1196_1403,0.34261143
2018_1196_1418,0.24397346
2018_1196_1436,0.2433702
2018_1196_1437,0.0978902
2018_1196_1438,0.09582961
2018_1196_1439,0.609765
2018_1196_1447,0.53253037
2018_1196_1452,0.43918017
2018_1196_1455,0.258484
2018_1196_1457,0.69222856
2018_1196_1460,0.47133356
2018_1196_1462,0.18357222
2018_1199_1211,0.11799747
2018_1199_1217,0.6401268
2018_1199_1222,0.28808197
2018_1199_1242,0.2857988
2018_1199_1243,0.41519853
2018_1199_1246,0.25616324
2018_1199_1257,0.48548597
2018_1199_1260,0.22210662
2018_1199_1274,0.44290516
2018_1199_1276,0.2331474
2018_1199_1277,0.08838239
2018_1199_1281,0.5684252
2018_1199_1285,0.35319322
2018_1199_1292,0.4499799
2018_1199_1301,0.40641692
2018_1199_1305,0.212781
2018_1199_1308,0.36498138
2018_1199_1311,0.6400794
2018_1199_1314,0.26062217
2018_1199_1326,0.35015205
2018_1199_1328,0.5374654
2018_1199_1344,0.3842222
2018_1199_1345,0.14754035
2018_1199_1348,0.24575451
2018_1199_1351,0.32726848
2018_1199_1355,0.3001033
2018_1199_1364,0.32014817
2018_1199_1366,0.85656023
2018_1199_1371,0.4342826
2018_1199_1380,0.7947286
2018_1199_1382,0.34206143
2018_1199_1388,0.15474255
2018_1199_1393,0.51253986
2018_1199_1395,0.39806822
2018_1199_1397,0.3758353
2018_1199_1400,0.53842556
2018_1199_1401,0.5071495
2018_1199_1403,0.344126
2018_1199_1418,0.25924796
2018_1199_1436,0.23817539
2018_1199_1437,0.11470593
2018_1199_1438,0.082667306
2018_1199_1439,0.5590414
2018_1199_1447,0.418563
2018_1199_1452,0.30868033
2018_1199_1455,0.28942144
2018_1199_1457,0.69607323
2018_1199_1460,0.37292495
2018_1199_1462,0.20907205
2018_1211_1217,0.938644
2018_1211_1222,0.7741983
2018_1211_1242,0.7081955
2018_1211_1243,0.8830952
2018_1211_1246,0.88458705
2018_1211_1257,0.9157307
2018_1211_1260,0.7184978
2018_1211_1274,0.91829705
2018_1211_1276,0.7517818
2018_1211_1277,0.45436674
2018_1211_1281,0.9171001
2018_1211_1285,0.89002
2018_1211_1292,0.90868783
2018_1211_1301,0.87803423
2018_1211_1305,0.6630766
2018_1211_1308,0.77970314
2018_1211_1311,0.95518017
2018_1211_1314,0.8524675
2018_1211_1326,0.8773962
2018_1211_1328,0.9587304
2018_1211_1344,0.88171643
2018_1211_1345,0.6321828
2018_1211_1348,0.81489295
2018_1211_1351,0.9203806
2018_1211_1355,0.82441944
2018_1211_1364,0.90185386
2018_1211_1366,0.9732559
2018_1211_1371,0.89484406
2018_1211_1380,0.97908336
2018_1211_1382,0.807347
2018_1211_1388,0.6500983
2018_1211_1393,0.93447083
2018_1211_1395,0.9106398
2018_1211_1397,0.8620386
2018_1211_1400,0.9433616
2018_1211_1401,0.9423028
2018_1211_1403,0.8699598
2018_1211_1418,0.81414616
2018_1211_1436,0.67499065
2018_1211_1437,0.52327234
2018_1211_1438,0.5242494
2018_1211_1439,0.91370326
2018_1211_1447,0.9328779
2018_1211_1452,0.8666526
2018_1211_1455,0.7282966
2018_1211_1457,0.9477625
2018_1211_1460,0.9159864
2018_1211_1462,0.67245173
2018_1217_1222,0.27116656
2018_1217_1242,0.118445985
2018_1217_1243,0.28109443
2018_1217_1246,0.21460469
2018_1217_1257,0.32010803
2018_1217_1260,0.1393199
2018_1217_1274,0.2214713
2018_1217_1276,0.14511931
2018_1217_1277,0.06506221
2018_1217_1281,0.34665826
2018_1217_1285,0.27584141
2018_1217_1292,0.3244127
2018_1217_1301,0.18462996
2018_1217_1305,0.13736296
2018_1217_1308,0.22277844
2018_1217_1311,0.5544651
2018_1217_1314,0.17136143
2018_1217_1326,0.23819122
2018_1217_1328,0.32669342
2018_1217_1344,0.3280347
2018_1217_1345,0.10888928
2018_1217_1348,0.17396155
2018_1217_1351,0.19707273
2018_1217_1355,0.2895205
2018_1217_1364,0.2528948
2018_1217_1366,0.67044896
2018_1217_1371,0.29046285
2018_1217_1380,0.63583666
2018_1217_1382,0.17174938
2018_1217_1388,0.07816393
2018_1217_1393,0.4043111
2018_1217_1395,0.23476234
2018_1217_1397,0.23058075
2018_1217_1400,0.34752148
2018_1217_1401,0.30135122
2018_1217_1403,0.22372189
2018_1217_1418,0.16672952
2018_1217_1436,0.14744529
2018_1217_1437,0.062046792
2018_1217_1438,0.04725066
2018_1217_1439,0.31638616
2018_1217_1447,0.28369498
2018_1217_1452,0.19079475
2018_1217_1455,0.16122046
2018_1217_1457,0.5789955
2018_1217_1460,0.3708555
2018_1217_1462,0.09942787
2018_1222_1242,0.45314738
2018_1222_1243,0.74789894
2018_1222_1246,0.52911806
2018_1222_1257,0.77780527
2018_1222_1260,0.5507977
2018_1222_1274,0.7751209
2018_1222_1276,0.5358747
2018_1222_1277,0.23993441
2018_1222_1281,0.70873547
2018_1222_1285,0.7526492
2018_1222_1292,0.77207345
2018_1222_1301,0.6714924
2018_1222_1305,0.37993062
2018_1222_1308,0.57664204
2018_1222_1311,0.8276407
2018_1222_1314,0.52511615
2018_1222_1326,0.76615465
2018_1222_1328,0.7963707
2018_1222_1344,0.7315587
2018_1222_1345,0.3444608
2018_1222_1348,0.60541016
2018_1222_1351,0.7052082
2018_1222_1355,0.6094087
2018_1222_1364,0.6883962
2018_1222_1366,0.95626247
2018_1222_1371,0.7208641
2018_1222_1380,0.94543624
2018_1222_1382,0.6192862
2018_1222_1388,0.30557024
2018_1222_1393,0.7808444
2018_1222_1395,0.6581842
2018_1222_1397,0.564836
2018_1222_1400,0.78157765
2018_1222_1401,0.77237636
2018_1222_1403,0.60550624
2018_1222_1418,0.5311928
2018_1222_1436,0.47717544
2018_1222_1437,0.27099955
2018_1222_1438,0.22113888
2018_1222_1439,0.6835927
2018_1222_1447,0.7873318
2018_1222_1452,0.71077466
2018_1222_1455,0.5075518
2018_1222_1457,0.8365783
2018_1222_1460,0.74355483
2018_1222_1462,0.37110233
2018_1242_1243,0.7689605
2018_1242_1246,0.7606353
2018_1242_1257,0.6717452
2018_1242_1260,0.5638285
2018_1242_1274,0.67420095
2018_1242_1276,0.6532217
2018_1242_1277,0.45264533
2018_1242_1281,0.71830434
2018_1242_1285,0.7784375
2018_1242_1292,0.77806205
2018_1242_1301,0.68919724
2018_1242_1305,0.49727118
2018_1242_1308,0.58220905
2018_1242_1311,0.87662274
2018_1242_1314,0.59868115
2018_1242_1326,0.71306586
2018_1242_1328,0.7837548
2018_1242_1344,0.66788757
2018_1242_1345,0.528902
2018_1242_1348,0.54512334
2018_1242_1351,0.7314737
2018_1242_1355,0.58849305
2018_1242_1364,0.6104804
2018_1242_1366,0.952247
2018_1242_1371,0.7057463
2018_1242_1380,0.9564043
2018_1242_1382,0.6665334
2018_1242_1388,0.43956816
2018_1242_1393,0.6994455
2018_1242_1395,0.6790751
2018_1242_1397,0.5975203
2018_1242_1400,0.67721504
2018_1242_1401,0.70171064
2018_1242_1403,0.6627402
2018_1242_1418,0.57253665
2018_1242_1436,0.5817922
2018_1242_1437,0.37201765
2018_1242_1438,0.35704872
2018_1242_1439,0.70892465
2018_1242_1447,0.8121125
2018_1242_1452,0.80365014
2018_1242_1455,0.53606176
2018_1242_1457,0.7540143
2018_1242_1460,0.69032943
2018_1242_1462,0.5170018
2018_1243_1246,0.3509956
2018_1243_1257,0.6307398
2018_1243_1260,0.27235398
2018_1243_1274,0.4254607
2018_1243_1276,0.23002811
2018_1243_1277,0.104725026
2018_1243_1281,0.6796375
2018_1243_1285,0.5319407
2018_1243_1292,0.44527572
2018_1243_1301,0.5213572
2018_1243_1305,0.20730437
2018_1243_1308,0.31936866
2018_1243_1311,0.6797017
2018_1243_1314,0.28830594
2018_1243_1326,0.44324574
2018_1243_1328,0.7009098
2018_1243_1344,0.49468634
2018_1243_1345,0.19270527
2018_1243_1348,0.26733938
2018_1243_1351,0.39774683
2018_1243_1355,0.33789685
2018_1243_1364,0.4083321
2018_1243_1366,0.8896373
2018_1243_1371,0.4907135
2018_1243_1380,0.8290557
2018_1243_1382,0.31474668
2018_1243_1388,0.14135234
2018_1243_1393,0.6893553
2018_1243_1395,0.51080114
2018_1243_1397,0.32952088
2018_1243_1400,0.67515606
2018_1243_1401,0.5846897
2018_1243_1403,0.3425346
2018_1243_1418,0.27465668
2018_1243_1436,0.2230701
2018_1243_1437,0.12904844
2018_1243_1438,0.1036289
2018_1243_1439,0.52438676
2018_1243_1447,0.467648
2018_1243_1452,0.3583096
2018_1243_1455,0.25452167
2018_1243_1457,0.7382859
2018_1243_1460,0.4027596
2018_1243_1462,0.23699895
2018_1246_1257,0.6226733
2018_1246_1260,0.348662
2018_1246_1274,0.60467756
2018_1246_1276,0.39839733
2018_1246_1277,0.1813604
2018_1246_1281,0.6534645
2018_1246_1285,0.5921954
2018_1246_1292,0.69251454
2018_1246_1301,0.5290006
2018_1246_1305,0.2749874
2018_1246_1308,0.4288131
2018_1246_1311,0.7259367
2018_1246_1314,0.384144
2018_1246_1326,0.536835
2018_1246_1328,0.7150924
2018_1246_1344,0.550563
2018_1246_1345,0.23380053
2018_1246_1348,0.33972812
2018_1246_1351,0.58284086
2018_1246_1355,0.5543647
2018_1246_1364,0.5276766
2018_1246_1366,0.93375945
2018_1246_1371,0.5892109
2018_1246_1380,0.92602307
2018_1246_1382,0.41553086
2018_1246_1388,0.23640308
2018_1246_1393,0.62935305
2018_1246_1395,0.5153844
2018_1246_1397,0.49869463
2018_1246_1400,0.6192769
2018_1246_1401,0.6385767
2018_1246_1403,0.54182565
2018_1246_1418,0.38658234
2018_1246_1436,0.41639313
2018_1246_1437,0.18235673
2018_1246_1438,0.13774423
2018_1246_1439,0.64888304
2018_1246_1447,0.6949635
2018_1246_1452,0.5721354
2018_1246_1455,0.40463695
2018_1246_1457,0.7739026
2018_1246_1460,0.5994519
2018_1246_1462,0.234413
2018_1257_1260,0.17638569
2018_1257_1274,0.5561052
2018_1257_1276,0.24604289
2018_1257_1277,0.090153486
2018_1257_1281,0.57598346
2018_1257_1285,0.5161286
2018_1257_1292,0.50835073
2018_1257_1301,0.4769861
2018_1257_1305,0.20501095
2018_1257_1308,0.29700145
2018_1257_1311,0.69775707
2018_1257_1314,0.38749307
2018_1257_1326,0.45167366
2018_1257_1328,0.50072354
2018_1257_1344,0.47396222
2018_1257_1345,0.1304045
2018_1257_1348,0.22703531
2018_1257_1351,0.5096365
2018_1257_1355,0.41074818
2018_1257_1364,0.466107
2018_1257_1366,0.878324
2018_1257_1371,0.45537567
2018_1257_1380,0.810824
2018_1257_1382,0.3657074
2018_1257_1388,0.09364165
2018_1257_1393,0.51617056
2018_1257_1395,0.46971503
2018_1257_1397,0.34019944
2018_1257_1400,0.60449934
2018_1257_1401,0.43847454
2018_1257_1403,0.4438849
2018_1257_1418,0.30342534
2018_1257_1436,0.20324352
2018_1257_1437,0.07623513
2018_1257_1438,0.054928105
2018_1257_1439,0.61715484
2018_1257_1447,0.5073989
2018_1257_1452,0.37304455
2018_1257_1455,0.3000615
2018_1257_1457,0.742099
2018_1257_1460,0.4987876
2018_1257_1462,0.15987006
2018_1260_1274,0.7965952
2018_1260_1276,0.5476803
2018_1260_1277,0.33362293
2018_1260_1281,0.81600213
2018_1260_1285,0.83036363
2018_1260_1292,0.7963868
2018_1260_1301,0.71416175
2018_1260_1305,0.42630178
2018_1260_1308,0.61212546
2018_1260_1311,0.8926997
2018_1260_1314,0.62644327
2018_1260_1326,0.75533986
2018_1260_1328,0.89272404
2018_1260_1344,0.7758906
2018_1260_1345,0.37470642
2018_1260_1348,0.6589928
2018_1260_1351,0.8116074
2018_1260_1355,0.5793135
2018_1260_1364,0.749721
2018_1260_1366,0.9684637
2018_1260_1371,0.8154035
2018_1260_1380,0.9569731
2018_1260_1382,0.7050326
2018_1260_1388,0.35905808
2018_1260_1393,0.8092668
2018_1260_1395,0.79425645
2018_1260_1397,0.7314523
2018_1260_1400,0.7861406
2018_1260_1401,0.82531095
2018_1260_1403,0.68174815
2018_1260_1418,0.6270418
2018_1260_1436,0.4983988
2018_1260_1437,0.3314621
2018_1260_1438,0.26627785
2018_1260_1439,0.78129864
2018_1260_1447,0.88130695
2018_1260_1452,0.7521242
2018_1260_1455,0.56916195
2018_1260_1457,0.841415
2018_1260_1460,0.80129987
2018_1260_1462,0.4435066
2018_1274_1276,0.24804758
2018_1274_1277,0.13573587
2018_1274_1281,0.6737342
2018_1274_1285,0.6078651
2018_1274_1292,0.52035856
2018_1274_1301,0.5675745
2018_1274_1305,0.23928483
2018_1274_1308,0.3397496
2018_1274_1311,0.7188249
2018_1274_1314,0.3693802
2018_1274_1326,0.4163776
2018_1274_1328,0.67639625
2018_1274_1344,0.5429709
2018_1274_1345,0.18890187
2018_1274_1348,0.27424788
2018_1274_1351,0.5214091
2018_1274_1355,0.43726557
2018_1274_1364,0.4452003
2018_1274_1366,0.877737
2018_1274_1371,0.49318445
2018_1274_1380,0.80216956
2018_1274_1382,0.38024145
2018_1274_1388,0.17889704
2018_1274_1393,0.5667351
2018_1274_1395,0.5541037
2018_1274_1397,0.3863842
2018_1274_1400,0.62447244
2018_1274_1401,0.62776345
2018_1274_1403,0.42558366
2018_1274_1418,0.30948168
2018_1274_1436,0.25073025
2018_1274_1437,0.12501799
2018_1274_1438,0.10129362
2018_1274_1439,0.6659277
2018_1274_1447,0.5693663
2018_1274_1452,0.46923664
2018_1274_1455,0.23102504
2018_1274_1457,0.6717353
2018_1274_1460,0.5210049
2018_1274_1462,0.26376557
2018_1276_1277,0.36516804
2018_1276_1281,0.64002657
2018_1276_1285,0.7459467
2018_1276_1292,0.7299457
2018_1276_1301,0.6322368
2018_1276_1305,0.44977406
2018_1276_1308,0.63044405
2018_1276_1311,0.7747285
2018_1276_1314,0.45848426
2018_1276_1326,0.6384169
2018_1276_1328,0.65769666
2018_1276_1344,0.6740597
2018_1276_1345,0.43017235
2018_1276_1348,0.6165101
2018_1276_1351,0.67847884
2018_1276_1355,0.53306633
2018_1276_1364,0.55602676
2018_1276_1366,0.950471
2018_1276_1371,0.6925255
2018_1276_1380,0.9265924
2018_1276_1382,0.65046686
2018_1276_1388,0.36679226
2018_1276_1393,0.6418257
2018_1276_1395,0.55533326
2018_1276_1397,0.58854103
2018_1276_1400,0.6736625
2018_1276_1401,0.6593257
2018_1276_1403,0.49120653
2018_1276_1418,0.5625902
2018_1276_1436,0.45304516
2018_1276_1437,0.32857245
2018_1276_1438,0.32429802
2018_1276_1439,0.63720477
2018_1276_1447,0.748593
2018_1276_1452,0.743538
2018_1276_1455,0.44756314
2018_1276_1457,0.69134593
2018_1276_1460,0.60945916
2018_1276_1462,0.44096816
2018_1277_1281,0.90506506
2018_1277_1285,0.9006956
2018_1277_1292,0.8888553
2018_1277_1301,0.8419914
2018_1277_1305,0.7295029
2018_1277_1308,0.69491845
2018_1277_1311,0.934577
2018_1277_1314,0.7751557
2018_1277_1326,0.8513729
2018_1277_1328,0.92587376
2018_1277_1344,0.84815353
2018_1277_1345,0.73301274
2018_1277_1348,0.772032
2018_1277_1351,0.9239182
2018_1277_1355,0.82020557
2018_1277_1364,0.89506525
2018_1277_1366,0.97213453
2018_1277_1371,0.88093984
2018_1277_1380,0.98138374
2018_1277_1382,0.8054049
2018_1277_1388,0.68828326
2018_1277_1393,0.90259165
2018_1277_1395,0.88088095
2018_1277_1397,0.8444723
2018_1277_1400,0.9091683
2018_1277_1401,0.8873673
2018_1277_1403,0.8803575
2018_1277_1418,0.75083447
2018_1277_1436,0.7385903
2018_1277_1437,0.5442762
2018_1277_1438,0.49781683
2018_1277_1439,0.8933295
2018_1277_1447,0.93309957
2018_1277_1452,0.84220606
2018_1277_1455,0.7419873
2018_1277_1457,0.9283198
2018_1277_1460,0.9022855
2018_1277_1462,0.6119702
2018_1281_1285,0.38968387
2018_1281_1292,0.48552558
2018_1281_1301,0.435956
2018_1281_1305,0.16353053
2018_1281_1308,0.2841214
2018_1281_1311,0.7003381
2018_1281_1314,0.23180112
2018_1281_1326,0.3565004
2018_1281_1328,0.5871178
2018_1281_1344,0.41186944
2018_1281_1345,0.1712458
2018_1281_1348,0.24142641
2018_1281_1351,0.39172006
2018_1281_1355,0.38846973
2018_1281_1364,0.3636031
2018_1281_1366,0.8686371
2018_1281_1371,0.42868108
2018_1281_1380,0.8274919
2018_1281_1382,0.28890043
2018_1281_1388,0.16601053
2018_1281_1393,0.44660735
2018_1281_1395,0.4016363
2018_1281_1397,0.31141278
2018_1281_1400,0.5382284
2018_1281_1401,0.4535073
2018_1281_1403,0.3791482
2018_1281_1418,0.2247218
2018_1281_1436,0.21202071
2018_1281_1437,0.087923236
2018_1281_1438,0.072373874
2018_1281_1439,0.60747844
2018_1281_1447,0.46066537
2018_1281_1452,0.32069448
2018_1281_1455,0.23757002
2018_1281_1457,0.66295236
2018_1281_1460,0.41537315
2018_1281_1462,0.13781248
2018_1285_1292,0.5532518
2018_1285_1301,0.5655685
2018_1285_1305,0.2887295
2018_1285_1308,0.4741081
2018_1285_1311,0.75284225
2018_1285_1314,0.44119722
2018_1285_1326,0.5791584
2018_1285_1328,0.7061044
2018_1285_1344,0.5514439
2018_1285_1345,0.2652025
2018_1285_1348,0.49842677
2018_1285_1351,0.5251415
2018_1285_1355,0.4070284
2018_1285_1364,0.5657117
2018_1285_1366,0.9261195
2018_1285_1371,0.5682217
2018_1285_1380,0.86116654
2018_1285_1382,0.59602886
2018_1285_1388,0.23209223
2018_1285_1393,0.5619046
2018_1285_1395,0.488458
2018_1285_1397,0.5201315
2018_1285_1400,0.59931874
2018_1285_1401,0.58409333
2018_1285_1403,0.43392187
2018_1285_1418,0.43499812
2018_1285_1436,0.39032307
2018_1285_1437,0.19743729
2018_1285_1438,0.1622992
2018_1285_1439,0.58946294
2018_1285_1447,0.65923846
2018_1285_1452,0.51866925
2018_1285_1455,0.38606307
2018_1285_1457,0.6935564
2018_1285_1460,0.54874414
2018_1285_1462,0.29779112
2018_1292_1301,0.5023128
2018_1292_1305,0.3099223
2018_1292_1308,0.45417422
2018_1292_1311,0.75632
2018_1292_1314,0.36620808
2018_1292_1326,0.55588335
2018_1292_1328,0.7581226
2018_1292_1344,0.5356606
2018_1292_1345,0.2600604
2018_1292_1348,0.49172187
2018_1292_1351,0.52535176
2018_1292_1355,0.47674498
2018_1292_1364,0.4733552
2018_1292_1366,0.9376528
2018_1292_1371,0.5367969
2018_1292_1380,0.88153094
2018_1292_1382,0.6179902
2018_1292_1388,0.247323
2018_1292_1393,0.53577036
2018_1292_1395,0.46745583
2018_1292_1397,0.44998068
2018_1292_1400,0.6455014
2018_1292_1401,0.5103431
2018_1292_1403,0.42665794
2018_1292_1418,0.41170686
2018_1292_1436,0.43125692
2018_1292_1437,0.1707322
2018_1292_1438,0.1616581
2018_1292_1439,0.5070541
2018_1292_1447,0.6472965
2018_1292_1452,0.51648843
2018_1292_1455,0.41658074
2018_1292_1457,0.69135314
2018_1292_1460,0.5157058
2018_1292_1462,0.30034858
2018_1301_1305,0.20281652
2018_1301_1308,0.3506815
2018_1301_1311,0.76904225
2018_1301_1314,0.30835456
2018_1301_1326,0.3752652
2018_1301_1328,0.6302908
2018_1301_1344,0.52048147
2018_1301_1345,0.16881907
2018_1301_1348,0.21424472
2018_1301_1351,0.42155653
2018_1301_1355,0.30988258
2018_1301_1364,0.36829108
2018_1301_1366,0.8933083
2018_1301_1371,0.48257396
2018_1301_1380,0.7954612
2018_1301_1382,0.33225277
2018_1301_1388,0.14259408
2018_1301_1393,0.6453005
2018_1301_1395,0.5106337
2018_1301_1397,0.34105155
2018_1301_1400,0.5671445
2018_1301_1401,0.63815117
2018_1301_1403,0.32973447
2018_1301_1418,0.29145518
2018_1301_1436,0.23835818
2018_1301_1437,0.091899306
2018_1301_1438,0.06902234
2018_1301_1439,0.6120581
2018_1301_1447,0.3911009
2018_1301_1452,0.25752437
2018_1301_1455,0.30675787
2018_1301_1457,0.72606814
2018_1301_1460,0.38731307
2018_1301_1462,0.2505808
2018_1305_1308,0.6213726
2018_1305_1311,0.75947285
2018_1305_1314,0.47731197
2018_1305_1326,0.5746153
2018_1305_1328,0.67989725
2018_1305_1344,0.68489826
2018_1305_1345,0.39268553
2018_1305_1348,0.60715777
2018_1305_1351,0.6680521
2018_1305_1355,0.5738649
2018_1305_1364,0.5601021
2018_1305_1366,0.9528938
2018_1305_1371,0.70302063
2018_1305_1380,0.9542772
2018_1305_1382,0.6490708
2018_1305_1388,0.38083914
2018_1305_1393,0.557774
2018_1305_1395,0.49016917
2018_1305_1397,0.6306972
2018_1305_1400,0.69466126
2018_1305_1401,0.65086
2018_1305_1403,0.53673065
2018_1305_1418,0.5293688
2018_1305_1436,0.4945769
2018_1305_1437,0.31904736
2018_1305_1438,0.29260668
2018_1305_1439,0.6284991
2018_1305_1447,0.77410835
2018_1305_1452,0.7551549
2018_1305_1455,0.48375726
2018_1305_1457,0.7804041
2018_1305_1460,0.65702146
2018_1305_1462,0.4624402
2018_1308_1311,0.7167596
2018_1308_1314,0.41516665
2018_1308_1326,0.5561418
2018_1308_1328,0.6570972
2018_1308_1344,0.6410347
2018_1308_1345,0.31118283
2018_1308_1348,0.5557071
2018_1308_1351,0.6875115
2018_1308_1355,0.5268203
2018_1308_1364,0.6105846
2018_1308_1366,0.8828662
2018_1308_1371,0.71494246
2018_1308_1380,0.86195755
2018_1308_1382,0.51682794
2018_1308_1388,0.21974938
2018_1308_1393,0.680464
2018_1308_1395,0.5151557
2018_1308_1397,0.5297608
2018_1308_1400,0.6259406
2018_1308_1401,0.6260826
2018_1308_1403,0.53588307
2018_1308_1418,0.51711744
2018_1308_1436,0.3444175
2018_1308_1437,0.20047514
2018_1308_1438,0.17788617
2018_1308_1439,0.60493
2018_1308_1447,0.73249793
2018_1308_1452,0.5853175
2018_1308_1455,0.36727372
2018_1308_1457,0.61960924
2018_1308_1460,0.6358672
2018_1308_1462,0.30049273
2018_1311_1314,0.10452455
2018_1311_1326,0.1545975
2018_1311_1328,0.33874068
2018_1311_1344,0.25015298
2018_1311_1345,0.07079421
2018_1311_1348,0.12425463
2018_1311_1351,0.16300815
2018_1311_1355,0.16274609
2018_1311_1364,0.21234767
2018_1311_1366,0.69192046
2018_1311_1371,0.22082332
2018_1311_1380,0.66396195
2018_1311_1382,0.12715381
2018_1311_1388,0.0670701
2018_1311_1393,0.27547994
2018_1311_1395,0.16537528
2018_1311_1397,0.14248766
2018_1311_1400,0.24459703
2018_1311_1401,0.28567493
2018_1311_1403,0.14159024
2018_1311_1418,0.10090401
2018_1311_1436,0.079276375
2018_1311_1437,0.06015389
2018_1311_1438,0.039064042
2018_1311_1439,0.24787284
2018_1311_1447,0.24657851
2018_1311_1452,0.12699047
2018_1311_1455,0.09516546
2018_1311_1457,0.4610904
2018_1311_1460,0.17702974
2018_1311_1462,0.0705278
2018_1314_1326,0.59668386
2018_1314_1328,0.7345105
2018_1314_1344,0.60946083
2018_1314_1345,0.26808432
2018_1314_1348,0.25721526
2018_1314_1351,0.5997882
2018_1314_1355,0.5098034
2018_1314_1364,0.5006242
2018_1314_1366,0.929823
2018_1314_1371,0.6069673
2018_1314_1380,0.9195545
2018_1314_1382,0.48706728
2018_1314_1388,0.19681823
2018_1314_1393,0.6521145
2018_1314_1395,0.6015855
2018_1314_1397,0.5157472
2018_1314_1400,0.6300483
2018_1314_1401,0.6209871
2018_1314_1403,0.6580462
2018_1314_1418,0.39704955
2018_1314_1436,0.37437963
2018_1314_1437,0.1328165
2018_1314_1438,0.13278618
2018_1314_1439,0.6431121
2018_1314_1447,0.7057055
2018_1314_1452,0.66251725
2018_1314_1455,0.3722111
2018_1314_1457,0.76535714
2018_1314_1460,0.662239
2018_1314_1462,0.2560978
2018_1326_1328,0.7841487
2018_1326_1344,0.607811
2018_1326_1345,0.22782648
2018_1326_1348,0.46588573
2018_1326_1351,0.5749719
2018_1326_1355,0.46559104
2018_1326_1364,0.51837766
2018_1326_1366,0.8984251
2018_1326_1371,0.6278068
2018_1326_1380,0.8687277
2018_1326_1382,0.55432135
2018_1326_1388,0.22958028
2018_1326_1393,0.6123235
2018_1326_1395,0.53363734
2018_1326_1397,0.53098977
2018_1326_1400,0.6512048
2018_1326_1401,0.5907631
2018_1326_1403,0.5520472
2018_1326_1418,0.46332067
2018_1326_1436,0.40746218
2018_1326_1437,0.15107527
2018_1326_1438,0.1515783
2018_1326_1439,0.6562597
2018_1326_1447,0.69038564
2018_1326_1452,0.564421
2018_1326_1455,0.43448666
2018_1326_1457,0.7364871
2018_1326_1460,0.60700643
2018_1326_1462,0.28279862
2018_1328_1344,0.4555656
2018_1328_1345,0.10603056
2018_1328_1348,0.17216055
2018_1328_1351,0.27697468
2018_1328_1355,0.33078316
2018_1328_1364,0.37860498
2018_1328_1366,0.7917833
2018_1328_1371,0.49125654
2018_1328_1380,0.77182275
2018_1328_1382,0.2297011
2018_1328_1388,0.09783505
2018_1328_1393,0.42093056
2018_1328_1395,0.42463675
2018_1328_1397,0.2538832
2018_1328_1400,0.3280761
2018_1328_1401,0.4040303
2018_1328_1403,0.27480325
2018_1328_1418,0.17037046
2018_1328_1436,0.17346752
2018_1328_1437,0.06826324
2018_1328_1438,0.051165964
2018_1328_1439,0.48746654
2018_1328_1447,0.44447356
2018_1328_1452,0.31768942
2018_1328_1455,0.21823528
2018_1328_1457,0.65953684
2018_1328_1460,0.4422401
2018_1328_1462,0.12825368
2018_1344_1345,0.1338507
2018_1344_1348,0.21405569
2018_1344_1351,0.3603409
2018_1344_1355,0.32820034
2018_1344_1364,0.3591306
2018_1344_1366,0.8648259
2018_1344_1371,0.47375658
2018_1344_1380,0.73755085
2018_1344_1382,0.3178099
2018_1344_1388,0.12376593
2018_1344_1393,0.57998234
2018_1344_1395,0.4518652
2018_1344_1397,0.30397475
2018_1344_1400,0.5602386
2018_1344_1401,0.592563
2018_1344_1403,0.30592486
2018_1344_1418,0.23348957
2018_1344_1436,0.18304332
2018_1344_1437,0.078620344
2018_1344_1438,0.065978765
2018_1344_1439,0.535204
2018_1344_1447,0.44388542
2018_1344_1452,0.34346995
2018_1344_1455,0.23353177
2018_1344_1457,0.6810243
2018_1344_1460,0.34752756
2018_1344_1462,0.17632385
2018_1345_1348,0.52372223
2018_1345_1351,0.6766608
2018_1345_1355,0.65906537
2018_1345_1364,0.6050411
2018_1345_1366,0.9534839
2018_1345_1371,0.6612751
2018_1345_1380,0.971322
2018_1345_1382,0.63086766
2018_1345_1388,0.46946725
2018_1345_1393,0.7766583
2018_1345_1395,0.56463504
2018_1345_1397,0.6042626
2018_1345_1400,0.7769385
2018_1345_1401,0.7582086
2018_1345_1403,0.6085718
2018_1345_1418,0.51789
2018_1345_1436,0.5832327
2018_1345_1437,0.37189165
2018_1345_1438,0.36777627
2018_1345_1439,0.61662936
2018_1345_1447,0.8023915
2018_1345_1452,0.77428025
2018_1345_1455,0.50950384
2018_1345_1457,0.8662863
2018_1345_1460,0.6861506
2018_1345_1462,0.46028352
2018_1348_1351,0.63002026
2018_1348_1355,0.41551262
2018_1348_1364,0.5468063
2018_1348_1366,0.8956504
2018_1348_1371,0.69782054
2018_1348_1380,0.862068
2018_1348_1382,0.4629397
2018_1348_1388,0.20199287
2018_1348_1393,0.6014341
2018_1348_1395,0.54919356
2018_1348_1397,0.55474913
2018_1348_1400,0.6422045
2018_1348_1401,0.5990308
2018_1348_1403,0.5863151
2018_1348_1418,0.57506055
2018_1348_1436,0.39878103
2018_1348_1437,0.13934864
2018_1348_1438,0.14666723
2018_1348_1439,0.63293403
2018_1348_1447,0.64719605
2018_1348_1452,0.52977204
2018_1348_1455,0.40066776
2018_1348_1457,0.68528867
2018_1348_1460,0.6417495
2018_1348_1462,0.29656744
2018_1351_1355,0.31593403
2018_1351_1364,0.3890789
2018_1351_1366,0.8658325
2018_1351_1371,0.5527522
2018_1351_1380,0.82084423
2018_1351_1382,0.3135046
2018_1351_1388,0.13615018
2018_1351_1393,0.59858453
2018_1351_1395,0.5227669
2018_1351_1397,0.3391193
2018_1351_1400,0.61789525
2018_1351_1401,0.6414993
2018_1351_1403,0.35904485
2018_1351_1418,0.22495279
2018_1351_1436,0.21975465
2018_1351_1437,0.100902155
2018_1351_1438,0.09219933
2018_1351_1439,0.5524862
2018_1351_1447,0.5958079
2018_1351_1452,0.49029115
2018_1351_1455,0.18189414
2018_1351_1457,0.7043043
2018_1351_1460,0.4375454
2018_1351_1462,0.17085503
2018_1355_1364,0.59040576
2018_1355_1366,0.929191
2018_1355_1371,0.59042937
2018_1355_1380,0.8819783
2018_1355_1382,0.6632175
2018_1355_1388,0.3132662
2018_1355_1393,0.49609423
2018_1355_1395,0.5206156
2018_1355_1397,0.45634744
2018_1355_1400,0.5864974
2018_1355_1401,0.605108
2018_1355_1403,0.38839853
2018_1355_1418,0.34990427
2018_1355_1436,0.4570707
2018_1355_1437,0.2497044
2018_1355_1438,0.20150942
2018_1355_1439,0.65410495
2018_1355_1447,0.749894
2018_1355_1452,0.6355294
2018_1355_1455,0.37260965
2018_1355_1457,0.60977864
2018_1355_1460,0.6670513
2018_1355_1462,0.3517487
2018_1364_1366,0.8408009
2018_1364_1371,0.41062552
2018_1364_1380,0.8038898
2018_1364_1382,0.44820723
2018_1364_1388,0.16335423
2018_1364_1393,0.507017
2018_1364_1395,0.41852158
2018_1364_1397,0.43115732
2018_1364_1400,0.57102615
2018_1364_1401,0.5609295
2018_1364_1403,0.39328218
2018_1364_1418,0.28454545
2018_1364_1436,0.2437594
2018_1364_1437,0.10156875
2018_1364_1438,0.10493606
2018_1364_1439,0.59129584
2018_1364_1447,0.4879264
2018_1364_1452,0.45489088
2018_1364_1455,0.264216
2018_1364_1457,0.7142308
2018_1364_1460,0.504078
2018_1364_1462,0.22798139
2018_1366_1371,0.1476978
2018_1366_1380,0.5598273
2018_1366_1382,0.08021126
2018_1366_1388,0.033178378
2018_1366_1393,0.20960326
2018_1366_1395,0.13264774
2018_1366_1397,0.09650332
2018_1366_1400,0.18363336
2018_1366_1401,0.17436098
2018_1366_1403,0.094702944
2018_1366_1418,0.06641077
2018_1366_1436,0.06863006
2018_1366_1437,0.032458667
2018_1366_1438,0.027427264
2018_1366_1439,0.22206987
2018_1366_1447,0.19104773
2018_1366_1452,0.061351735
2018_1366_1455,0.05945701
2018_1366_1457,0.3059434
2018_1366_1460,0.19941774
2018_1366_1462,0.04631293
2018_1371_1380,0.82808036
2018_1371_1382,0.4011658
2018_1371_1388,0.14363217
2018_1371_1393,0.53512746
2018_1371_1395,0.43574223
2018_1371_1397,0.34516484
2018_1371_1400,0.631686
2018_1371_1401,0.5584661
2018_1371_1403,0.2982728
2018_1371_1418,0.199384
2018_1371_1436,0.20142737
2018_1371_1437,0.11821724
2018_1371_1438,0.08124
2018_1371_1439,0.582258
2018_1371_1447,0.4175963
2018_1371_1452,0.28594103
2018_1371_1455,0.22470355
2018_1371_1457,0.72300595
2018_1371_1460,0.344038
2018_1371_1462,0.16494296
2018_1380_1382,0.08978288
2018_1380_1388,0.042046443
2018_1380_1393,0.2449088
2018_1380_1395,0.13000628
2018_1380_1397,0.10097606
2018_1380_1400,0.26208112
2018_1380_1401,0.20757513
2018_1380_1403,0.10943598
2018_1380_1418,0.067970924
2018_1380_1436,0.07279224
2018_1380_1437,0.04114255
2018_1380_1438,0.029733773
2018_1380_1439,0.21953578
2018_1380_1447,0.20619231
2018_1380_1452,0.0998112
2018_1380_1455,0.060826838
2018_1380_1457,0.3416131
2018_1380_1460,0.27448446
2018_1380_1462,0.05647136
2018_1382_1388,0.23357427
2018_1382_1393,0.5331308
2018_1382_1395,0.48618665
2018_1382_1397,0.52943
2018_1382_1400,0.62071717
2018_1382_1401,0.61483455
2018_1382_1403,0.5295179
2018_1382_1418,0.49050227
2018_1382_1436,0.44401094
2018_1382_1437,0.17147265
2018_1382_1438,0.15853402
2018_1382_1439,0.62336475
2018_1382_1447,0.6797126
2018_1382_1452,0.63057894
2018_1382_1455,0.43334904
2018_1382_1457,0.73864883
2018_1382_1460,0.6320359
2018_1382_1462,0.3610457
2018_1388_1393,0.86235505
2018_1388_1395,0.8318011
2018_1388_1397,0.77700335
2018_1388_1400,0.8591619
2018_1388_1401,0.88052016
2018_1388_1403,0.7634228
2018_1388_1418,0.6733688
2018_1388_1436,0.51278543
2018_1388_1437,0.41471738
2018_1388_1438,0.3205992
2018_1388_1439,0.8169112
2018_1388_1447,0.90459627
2018_1388_1452,0.79486096
2018_1388_1455,0.62524664
2018_1388_1457,0.90915245
2018_1388_1460,0.7762762
2018_1388_1462,0.5307393
2018_1393_1395,0.509836
2018_1393_1397,0.28995487
2018_1393_1400,0.66239554
2018_1393_1401,0.5679386
2018_1393_1403,0.4165641
2018_1393_1418,0.23110458
2018_1393_1436,0.20845848
2018_1393_1437,0.106818914
2018_1393_1438,0.09138244
2018_1393_1439,0.6868983
2018_1393_1447,0.52044356
2018_1393_1452,0.31945857
2018_1393_1455,0.25214875
2018_1393_1457,0.73347265
2018_1393_1460,0.43249995
2018_1393_1462,0.16030069
2018_1395_1397,0.3477341
2018_1395_1400,0.6182819
2018_1395_1401,0.5151867
2018_1395_1403,0.42501053
2018_1395_1418,0.27645692
2018_1395_1436,0.2828909
2018_1395_1437,0.108836085
2018_1395_1438,0.10992849
2018_1395_1439,0.5857677
2018_1395_1447,0.45040724
2018_1395_1452,0.39058772
2018_1395_1455,0.2971704
2018_1395_1457,0.75619304
2018_1395_1460,0.41594297
2018_1395_1462,0.245661
2018_1397_1400,0.7238748
2018_1397_1401,0.6829067
2018_1397_1403,0.5509429
2018_1397_1418,0.43632585
2018_1397_1436,0.41612133
2018_1397_1437,0.18133177
2018_1397_1438,0.1650215
2018_1397_1439,0.70202595
2018_1397_1447,0.6794818
2018_1397_1452,0.68621814
2018_1397_1455,0.3542964
2018_1397_1457,0.7733106
2018_1397_1460,0.61564803
2018_1397_1462,0.30579647
2018_1400_1401,0.46343842
2018_1400_1403,0.3258321
2018_1400_1418,0.20773716
2018_1400_1436,0.20724882
2018_1400_1437,0.07549896
2018_1400_1438,0.060987372
2018_1400_1439,0.5383375
2018_1400_1447,0.3956607
2018_1400_1452,0.2580535
2018_1400_1455,0.23447569
2018_1400_1457,0.6961555
2018_1400_1460,0.47669643
2018_1400_1462,0.13231157
2018_1401_1403,0.5256782
2018_1401_1418,0.31354082
2018_1401_1436,0.2257322
2018_1401_1437,0.086258516
2018_1401_1438,0.063126266
2018_1401_1439,0.6485191
2018_1401_1447,0.5363679
2018_1401_1452,0.4445684
2018_1401_1455,0.29045177
2018_1401_1457,0.7918911
2018_1401_1460,0.611093
2018_1401_1462,0.15871634
2018_1403_1418,0.34488872
2018_1403_1436,0.30739766
2018_1403_1437,0.121896885
2018_1403_1438,0.12709494
2018_1403_1439,0.6617644
2018_1403_1447,0.6161647
2018_1403_1452,0.51839113
2018_1403_1455,0.3033088
2018_1403_1457,0.7167005
2018_1403_1460,0.5516302
2018_1403_1462,0.23701245
2018_1418_1436,0.43336642
2018_1418_1437,0.16437371
2018_1418_1438,0.15881875
2018_1418_1439,0.6766642
2018_1418_1447,0.68929917
2018_1418_1452,0.6676151
2018_1418_1455,0.390698
2018_1418_1457,0.82392985
2018_1418_1460,0.64852405
2018_1418_1462,0.24749677
2018_1436_1437,0.25196674
2018_1436_1438,0.1832215
2018_1436_1439,0.5672785
2018_1436_1447,0.7840854
2018_1436_1452,0.6848084
2018_1436_1455,0.49231017
2018_1436_1457,0.79529846
2018_1436_1460,0.6437588
2018_1436_1462,0.34965864
2018_1437_1438,0.53161466
2018_1437_1439,0.8833205
2018_1437_1447,0.9293159
2018_1437_1452,0.87697
2018_1437_1455,0.7253162
2018_1437_1457,0.93226403
2018_1437_1460,0.9035659
2018_1437_1462,0.6650024
2018_1438_1439,0.8357139
2018_1438_1447,0.913031
2018_1438_1452,0.8175722
2018_1438_1455,0.6772588
2018_1438_1457,0.91575
2018_1438_1460,0.88560987
2018_1438_1462,0.6238433
2018_1439_1447,0.39081162
2018_1439_1452,0.27677116
2018_1439_1455,0.2856471
2018_1439_1457,0.7431788
2018_1439_1460,0.41728356
2018_1439_1462,0.20582478
2018_1447_1452,0.2898878
2018_1447_1455,0.22584555
2018_1447_1457,0.6815556
2018_1447_1460,0.286657
2018_1447_1462,0.115787566
2018_1452_1455,0.3370744
2018_1452_1457,0.7249997
2018_1452_1460,0.632727
2018_1452_1462,0.28271297
2018_1455_1457,0.77584
2018_1455_1460,0.6332841
2018_1455_1462,0.2797945
2018_1457_1460,0.33814356
2018_1457_1462,0.090965085
2018_1460_1462,0.13988505
